url,keyword
https://www.thedailystar.net/slow-reads/focus/news/the-forgotten-luminary-bangladeshs-liberation-war-3945801,liberation war [slow-reads]
https://www.thedailystar.net/slow-reads/focus/news/battle-ground-baliadanga-milestone-our-liberation-war-2205411,liberation war [slow-reads]
https://www.thedailystar.net/slow-reads/focus/news/women-photographers-the-bangladesh-liberation-war-3197181,liberation war [slow-reads]
https://www.thedailystar.net/slow-reads/focus/news/man-hard-find-3945766,liberation war [slow-reads]
https://www.thedailystar.net/slow-reads/slow-reads-special/news/genesis-genocide-report-4134546,liberation war [slow-reads]
https://www.thedailystar.net/slow-reads/focus/news/silencing-the-subaltern-voice-3574441,liberation war [slow-reads]
https://www.thedailystar.net/slow-reads/focus/news/operation-jackpot-how-bangladeshs-naval-commandos-struck-pakistans-lifeline-1971-4252981,liberation war [slow-reads]
https://www.thedailystar.net/slow-reads/focus/news/memories-indigo-rebellion-and-the-question-national-identity-4178196,liberation war [slow-reads]
https://www.thedailystar.net/slow-reads/focus/news/maj-gen-ishfakul-majid-soldier-gentleman-2210766,liberation war [slow-reads]
https://www.thedailystar.net/slow-reads/focus/news/british-witness-bangladesh-genocide-val-hardings-1971-story-4047561,1971 [slow-reads]
https://www.thedailystar.net/slow-reads/focus/news/wartime-treatment-the-heroes-who-saved-lives-silently-3777526,1971 [slow-reads]
https://www.thedailystar.net/slow-reads/focus/news/the-proclamation-gave-bangladesh-its-statehood-4148281,1971 [slow-reads]
https://www.thedailystar.net/slow-reads/focus/news/the-untold-story-behind-1971s-two-most-haunting-photographs-4056081,1971 [slow-reads]
https://www.thedailystar.net/slow-reads/focus/news/why-does-tagore-still-trouble-bangladeshs-idea-us-4290436,1971 [slow-reads]
https://www.thedailystar.net/slow-reads/focus/news/how-music-carried-bangladeshs-struggle-the-world-4059121,1971 [slow-reads]
https://www.thedailystar.net/slow-reads/focus/news/the-art-lover-who-stole-the-love-letter-bangladeshs-freedom-4059101,1971 [slow-reads]
https://www.thedailystar.net/slow-reads/focus/news/the-making-bangladeshs-leftist-politics-3970861,Muktijuddho [slow-reads]
https://www.thedailystar.net/slow-reads/focus/news/bangladesh-and-1971-3558381,Muktijuddho [slow-reads]
https://www.thedailystar.net/slow-reads/focus/news/ethical-encounters-look-women-war-and-cinema-bangladesh-3150546,Muktijuddho [slow-reads]
https://www.thedailystar.net/slow-reads/focus/news/untold-stories-1971-through-private-letters-4266326,Muktijuddho [slow-reads]
https://www.thedailystar.net/slow-reads/focus/news/it-was-the-morning-after-nuclear-attack-2142386,Muktijuddho [slow-reads]
https://www.thedailystar.net/slow-reads/focus/news/the-pain-water-4026791,Muktijuddho [slow-reads]
https://www.thedailystar.net/slow-reads/focus/news/dhirendranath-dutta-portrait-patriot-2224291,Muktijuddho [slow-reads]
https://www.thedailystar.net/slow-reads/slow-reads-special/news/genocide-1505440,genocide [slow-reads]
https://www.thedailystar.net/slow-reads/focus/news/the-day-we-made-tryst-destiny-2972141,genocide [slow-reads]
https://www.thedailystar.net/slow-reads/focus/news/marc-ribouds-bangladesh-1971-mourning-and-morning-3156566,genocide [slow-reads]
https://www.thedailystar.net/slow-reads/focus/news/gender-and-genocide-bangladesh-3772441,genocide [slow-reads]
https://www.thedailystar.net/slow-reads/focus/news/unsung-hero-tajuddin-ahmad-and-the-bangladesh-revolution-3945786,genocide [slow-reads]
https://www.thedailystar.net/slow-reads/focus/news/blind-spots-and-biases-bangladesh-studies-1754635,genocide [slow-reads]
https://www.thedailystar.net/slow-reads/slow-reads-special/operation-searchlight/news/echoes-anne-frank-swatis-war-diary-4135246,Operation Searchlight [slow-reads]
https://www.thedailystar.net/slow-reads/focus/news/snippets-our-history-heritage-3269836,Operation Searchlight [slow-reads]
https://www.thedailystar.net/slow-reads/focus/news/how-does-pakistan-write-1971-4130621,Operation Searchlight [slow-reads]
https://www.thedailystar.net/slow-reads/focus/news/maleka-khan-guardian-memory-4157096,Mukti Bahini [slow-reads]
https://www.thedailystar.net/slow-reads/focus/news/the-enduring-legacy-the-2nd-bangladesh-liberation-war-course-4241891,Mukti Bahini [slow-reads]
https://www.thedailystar.net/slow-reads/focus/news/the-forgotten-history-football-bangladesh-4214576,Mukti Bahini [slow-reads]
https://www.thedailystar.net/slow-reads/focus/news/kamruddin-ahmad-visionary-political-thinker-we-must-remember-3825991,Mukti Bahini [slow-reads]
https://www.thedailystar.net/slow-reads/focus/news/witnessing-nation-the-making-journalists-journey-mujibnagar-4153696,Mujibnagar [slow-reads]
https://www.thedailystar.net/slow-reads/focus/news/bangladesh-speaks-the-world-4153116,Mujibnagar [slow-reads]
https://www.thedailystar.net/slow-reads/focus/news/speech-delivered-the-world-mujibnagar-4153116,Mujibnagar [slow-reads]
https://www.thedailystar.net/slow-reads/focus/news/the-night-unspeakable-horror-survivors-account-3462816,Mujibnagar [slow-reads]
https://www.thedailystar.net/slow-reads/slow-reads-special/news/the-bangladeshi-diaspora-britain-forgotten-front-1971-4059086,Mujibnagar [slow-reads]
https://www.thedailystar.net/slow-reads/focus/news/football-freedom-colonial-bengal-bangladesh-4225591,Mujibnagar [slow-reads]
https://www.thedailystar.net/slow-reads/unheard-voices/news/sea-widows-when-fishermen-never-return-the-sea-4182211,Mujibnagar [slow-reads]
https://www.thedailystar.net/slow-reads/focus/news/those-who-attempted-assassinate-jinnah-and-called-him-kafir-e-azam-4102861,Razakar [slow-reads]
https://www.thedailystar.net/slow-reads/focus/news/mufazzal-haider-chaudhury-and-the-idea-bangladesh-4232936,Razakar [slow-reads]
https://www.thedailystar.net/slow-reads/slow-reads-special/news/life-lit-courage-4057396,Razakar [slow-reads]
https://www.thedailystar.net/slow-reads/focus/news/the-crime-being-bengali-the-untold-story-bengali-internment-pakistan-3944131,freedom fighters [slow-reads]
https://www.thedailystar.net/slow-reads/focus/news/deshpriya-jatindra-mohan-nellie-sengupta-2036981,freedom fighters [slow-reads]
https://www.thedailystar.net/slow-reads/focus/news/the-australian-doctor-who-witnessed-what-bangladesh-wanted-forget-4118701,freedom fighters [slow-reads]
https://www.thedailystar.net/slow-reads/focus/news/nazrul-the-eternal-rebel-warrior-100-years-later-3034741,freedom fighters [slow-reads]
https://www.thedailystar.net/slow-reads/slow-reads-special/news/birangona-women-bangladesh-3857816,birangona [slow-reads]
https://www.thedailystar.net/slow-reads/wisdom/news/why-there-so-much-anxiety-about-womens-bodies-4263151,birangona [slow-reads]
https://www.thedailystar.net/slow-reads/slow-reads-special/news/echoes-exile-remembering-1971-confronting-the-rohingya-crisis-3857851,birangona [slow-reads]
https://www.thedailystar.net/slow-reads/focus/news/beyond-the-loom-how-jamdani-preserves-the-values-peace-4184441,war crimes tribunal [slow-reads]
https://www.thedailystar.net/slow-reads/focus/news/football-and-nationalisms-bengal-1609426,Bijoy Dibosh [slow-reads]
https://www.thedailystar.net/slow-reads/focus/news/the-alchemy-sweet-making-bengal-4168781,Bijoy Dibosh [slow-reads]
https://www.thedailystar.net/slow-reads/unheard-voices/news/subaltern-aspirations-early-modern-bengal-3884076,16 December [slow-reads]
https://www.thedailystar.net/slow-reads/focus/news/muktadhara-how-tagore-exposed-the-tyranny-nationalism-3892571,16 December [slow-reads]
https://www.thedailystar.net/slow-reads/big-picture/news/the-history-behind-bangladeshs-bhasanchar-project-4239511,refugees 1971 [slow-reads]
https://www.thedailystar.net/slow-reads/big-picture/news/beyond-kaanta-taar-rethinking-life-the-bangladesh-india-border-4182226,refugees 1971 [slow-reads]
https://www.thedailystar.net/slow-reads/geopolitical-insights/news/new-political-voice-emerging-the-rohingya-diaspora-why-it-matters-4248391,refugees 1971 [slow-reads]
https://www.thedailystar.net/slow-reads/focus/news/calcuttas-muslims-after-partition-2961151,refugees 1971 [slow-reads]
https://www.thedailystar.net/slow-reads/focus/news/remembering-tajuddin-bhai-3945836,Tajuddin Ahmad [slow-reads]
https://www.thedailystar.net/slow-reads/focus/news/1971-and-the-case-secularism-bangladesh-and-india-3117261,Tajuddin Ahmad [slow-reads]
https://www.thedailystar.net/opinion/views/news/operation-searchlight-and-the-unrecognised-genocide-1971-4134676,Archer Blood [slow-reads]
https://www.thedailystar.net/freedom-in-the-air-documents-52351,Archer Blood [slow-reads]
https://www.thedailystar.net/opinion/peripherally-yours/archer-blood-americans-sacrifice-bangladesh-1332442,Archer Blood [slow-reads]
https://www.thedailystar.net/frontpage/news/cables-genocide-184102,Archer Blood [slow-reads]
https://www.thedailystar.net/slow-reads/focus/news/the-bhola-cyclone-and-the-making-bangladesh-4031136,Kissinger Bangladesh [slow-reads]
https://www.thedailystar.net/slow-reads/focus/news/sheikh-mujibs-killing-what-the-newspapers-told-and-what-they-omitted-4248181,Kissinger Bangladesh [slow-reads]
https://www.thedailystar.net/slow-reads/focus/news/the-incorrigible-zulfikar-ali-bhutto-2127616,Kissinger Bangladesh [slow-reads]
https://www.thedailystar.net/slow-reads/big-picture/news/bangladesh-world-impossible-choices-4184201,Kissinger Bangladesh [slow-reads]
https://www.thedailystar.net/slow-reads/big-picture/news/bangladesh-still-trapped-cycle-injustice-4185316,Kissinger Bangladesh [slow-reads]
https://www.thedailystar.net/slow-reads/geopolitical-insights/news/anti-west-network-emerging-how-should-bangladesh-respond-4259526,Kissinger Bangladesh [slow-reads]
https://www.thedailystar.net/slow-reads/geopolitical-insights/news/the-making-indias-bengali-muslim-problem-4193191,Kissinger Bangladesh [slow-reads]
https://www.thedailystar.net/slow-reads/geopolitical-insights/news/us-global-dominance-and-the-donroe-doctrine-the-making-4085796,Kissinger Bangladesh [slow-reads]
https://www.thedailystar.net/slow-reads/geopolitical-insights/news/bangladesh-between-india-and-china-the-dilemma-defence-diversification-4272751,Kissinger Bangladesh [slow-reads]
https://www.thedailystar.net/slow-reads/focus/news/historic-six-point-movement-the-photographs-they-suppressed-4192071,Six Points [slow-reads]
https://www.thedailystar.net/slow-reads/big-picture/news/bangladesh-prepared-the-next-food-shock-4289461,7 March speech [slow-reads]
https://www.thedailystar.net/slow-reads/slow-reads-special/news/what-we-owe-the-martyred-intellectuals-4057471,martyred intellectuals [slow-reads]
https://www.thedailystar.net/slow-reads/slow-reads-special/news/why-the-martyred-intellectuals-list-still-incomplete-4057506,martyred intellectuals [slow-reads]
https://www.thedailystar.net/slow-reads/focus/news/remembering-munier-bhai-4042036,martyred intellectuals [slow-reads]
https://www.thedailystar.net/slow-reads/big-picture/news/how-pakistan-saw-1971-inside-the-hamoodur-rehman-commission-report-4137001,martyred intellectuals [slow-reads]
https://www.thedailystar.net/slow-reads/slow-reads-special/news/how-did-pahela-baishakh-become-public-celebration-3866386,martyred intellectuals [slow-reads]
https://www.thedailystar.net/slow-reads/focus/news/amanul-huq-the-romantic-documentarian-4078731,martyred intellectuals [slow-reads]
https://www.thedailystar.net/slow-reads/slow-reads-classics/news/bangabandhu-and-the-world-4131081,Bangabandhu 1971 [slow-reads]
https://www.thedailystar.net/slow-reads/focus/news/jasim-uddins-1971-3507586,Bangabandhu 1971 [slow-reads]
https://www.thedailystar.net/slow-reads/focus/news/once-again-the-debate-over-bengali-nationalism-4139921,Bangabandhu 1971 [slow-reads]
https://www.thedailystar.net/slow-reads/slow-reads-special/news/peoples-war-worlds-reckoning-4058996,Bangabandhu 1971 [slow-reads]
https://www.thedailystar.net/news/when-words-became-weapons,16 December [slow-reads]
https://www.thedailystar.net/slow-reads/focus/news/raghu-rai-the-man-behind-the-lens-1720066,In Focus 1971 [site-wide]
https://www.thedailystar.net/in-focus/the-war-not-over-yet-1380949,In Focus 1971 [site-wide]
https://www.thedailystar.net/opinion/views/news/the-road-liberation-march-1971-and-the-years-led-it-3857441,liberation war [site-wide]
https://www.thedailystar.net/opinion/views/news/the-spirit-1971-reflections-liberation-aspirations-and-modern-challenges-3780941,liberation war [site-wide]
https://www.thedailystar.net/opinion/news/our-pride-and-glory-the-mukti-bahini-1971-2011981,liberation war [site-wide]
https://www.thedailystar.net/opinion/views/news/the-unhealed-wounds-1971-bangladeshs-unfinished-liberation-4059396,liberation war [site-wide]
https://www.thedailystar.net/supplements/independence-day-special-2024/news/administrative-dynamics-1971s-war-liberation-3575151,liberation war [site-wide]
https://www.thedailystar.net/opinion/perspective/news/the-legacy-november-21-1971-1663198,liberation war [site-wide]
https://www.thedailystar.net/opinion/news/die-was-cast-bangladeshs-liberation-war-april-1971-2090509,liberation war [site-wide]
https://www.thedailystar.net/online-exclusive/reflections-bangladesh-liberation-war-1971-2066617,Muktijuddho [site-wide]
https://www.thedailystar.net/in-focus/muktijuddho-polyphony-the-ocean-1206313,Muktijuddho [site-wide]
https://www.thedailystar.net/news-detail-82580,Muktijuddho [site-wide]
https://www.thedailystar.net/news/1971-re-emerging-silences,Muktijuddho [site-wide]
https://www.thedailystar.net/views/in-focus/news/revisiting-the-inheritances-bangladesh-liberation-war-2982286,Muktijuddho [site-wide]
https://www.thedailystar.net/daily-star-books/news/dispatches-independence-3054366,Muktijuddho [site-wide]
https://www.thedailystar.net/backpage/news/indomitable-march-roving-treasure-trove-war-stories-2057821,Muktijuddho [site-wide]
https://www.thedailystar.net/news/bangladesh/news/series-genocide-1971-three-times-survivor-3496086,Muktijuddho [site-wide]
https://www.thedailystar.net/backpage/bangladesh-liberation-war-1971-muktijuddho-guerrilla-fighter-arms-freedom-1511812,Muktijuddho [site-wide]
https://www.thedailystar.net/opinion/perspective/news/remembering-the-barbarities-operation-searchlight-1719859,genocide [site-wide]
https://www.thedailystar.net/supplements/victory-day-special-2023/news/testimony-pakistans-cruelty-genocide-and-failure-bangladesh-3495491,genocide [site-wide]
https://www.thedailystar.net/news-detail-164764,genocide [site-wide]
https://www.thedailystar.net/genocide-2351,genocide [site-wide]
https://www.thedailystar.net/supplements/victory-day-special-2021/news/the-1971-saga-2917976,genocide [site-wide]
https://www.thedailystar.net/news/bangladesh/news/1971-genocide-us-resolution-new-journey-towards-truth-3162291,genocide [site-wide]
https://www.thedailystar.net/news/bangladesh/news/witnesses-genocide-4135726,genocide [site-wide]
https://www.thedailystar.net/news/bangladesh/news/2-us-lawmakers-place-resolution-recognise-1971-atrocities-pakistani-army-genocide-3143206,genocide [site-wide]
https://www.thedailystar.net/opinion/views/news/march-25-through-the-eyes-ordinary-people-3856476,genocide [site-wide]
https://www.thedailystar.net/news/bangladesh/news/operation-searchlight-the-massacre-ctg-cantonment-3856676,Operation Searchlight [site-wide]
https://www.thedailystar.net/news/bangladesh/news/operation-searchlight-55-years-the-scars-are-still-fresh-4134851,Operation Searchlight [site-wide]
https://www.thedailystar.net/frontpage/news/the-black-night-73596,Operation Searchlight [site-wide]
https://www.thedailystar.net/supplements/independence-day-special-2025/news/the-people-1971-3857821,Operation Searchlight [site-wide]
https://www.thedailystar.net/march-25-1971-54410,Operation Searchlight [site-wide]
https://www.thedailystar.net/supplements/martyred-intellectuals-day-2017/news/1971-another-chapter-world-history-when-intellectuals-were-targeted-1672981,Operation Searchlight [site-wide]
https://www.thedailystar.net/supplements/victory-day-2016-special/the-guerrillas-dhaka-1971-1330306,Mukti Bahini [site-wide]
https://www.thedailystar.net/book-reviews/freedom-fighters-personal-account-1971-186934,Mukti Bahini [site-wide]
https://www.thedailystar.net/news/bangladesh/news/regional-resistance-purbo-banglar-jatiya-mukti-bahini-3776411,Mukti Bahini [site-wide]
https://www.thedailystar.net/literature/news/songs-freedom-185875,Mukti Bahini [site-wide]
https://www.thedailystar.net/opinion/focus/news/living-occupied-dhaka-diaries-1971-4074711,Mukti Bahini [site-wide]
https://www.thedailystar.net/news/bangladesh/news/battles-quickened-victory-3495381,Mukti Bahini [site-wide]
https://www.thedailystar.net/in-focus/news/remembering-the-battle-bhomra-2110329,Mukti Bahini [site-wide]
https://www.thedailystar.net/opinion/news/mujibnagar-day-milestone-the-war-liberation-1893541,Mujibnagar [site-wide]
https://www.thedailystar.net/supplements/historic-mujibnagar-day/news/the-people-the-world-2078881,Mujibnagar [site-wide]
https://www.thedailystar.net/opinion/focus/news/freedom-fighters-journey-mujibnagar-3584516,Mujibnagar [site-wide]
https://www.thedailystar.net/opinion/views/news/the-proclamation-independence-was-beacon-bangladesh-3872661,Mujibnagar [site-wide]
https://www.thedailystar.net/opinion/news/eyewitness-account-the-mujibnagar-governments-swearing-ceremony-2078617,Mujibnagar [site-wide]
https://www.thedailystar.net/city/news/govt-formed-mujibnagar-was-not-temporary-78023,Mujibnagar [site-wide]
https://www.thedailystar.net/opinion/focus/news/honouring-mujibnagar-heroes-3298761,Mujibnagar [site-wide]
https://www.thedailystar.net/opinion/views/news/unhealed-wounds-1971-bangladeshs-unfinished-liberation-4059396,Mujibnagar [site-wide]
https://www.thedailystar.net/news-detail-67454,Razakar [site-wide]
https://www.thedailystar.net/news-detail-234068,Razakar [site-wide]
https://archive.thedailystar.net/newDesign/print_news.php?nid=247215,Razakar [site-wide]
https://www.thedailystar.net/news/hate-statue-symbol-of-razakars-al-badar-al-shams,Razakar [site-wide]
https://www.thedailystar.net/news-detail-249123,Razakar [site-wide]
https://www.thedailystar.net/return-of-the-shoe-47404,Razakar [site-wide]
https://www.thedailystar.net/news/bangladesh/news/nation-observes-martyred-intellectuals-day-honours-victims-1971-killings,Razakar [site-wide]
https://www.thedailystar.net/news/anti-liberation-all-along,Razakar [site-wide]
https://www.thedailystar.net/news/bangladesh/special-read/news/watch-pakistan-lying-about-1971-genocide-185098,Razakar [site-wide]
https://www.thedailystar.net/news-detail-152174,Razakar [site-wide]
https://www.thedailystar.net/news/bangladesh/news/the-legend-nader-gunda-3857581,freedom fighters [site-wide]
https://www.thedailystar.net/news/bangladesh/news/freedom-fighters-vow-uphold-legacy-1971-4057926,freedom fighters [site-wide]
https://www.thedailystar.net/op-ed/politics/the-love-blind-freedom-fighters-5323,freedom fighters [site-wide]
https://www.thedailystar.net/country/news/people-pabna-remember-1971s-first-resistance-fight-78556,freedom fighters [site-wide]
https://www.thedailystar.net/opinion/news/the-misdeed-masquerading-muktijoddha-2015649,freedom fighters [site-wide]
https://www.thedailystar.net/literature/memories-1971-1505908,freedom fighters [site-wide]
https://www.thedailystar.net/daily-star-books/news/remembering-the-birangona-the-power-personal-narratives-2112633,birangona [site-wide]
https://www.thedailystar.net/supplements/victory-day-2016-special/the-birangona-beyond-her-wound-1330312,birangona [site-wide]
https://www.thedailystar.net/country/bangladesh-liberation-war-heroine-birangana-recognised-freedom-fighter-1430593,birangona [site-wide]
https://www.thedailystar.net/daily-star-books/news/the-birangona-fiction-1971-and-talaash-2139686,birangona [site-wide]
https://www.thedailystar.net/star-weekend/ethically-representing-narratives-birangonas-1456819,birangona [site-wide]
https://www.thedailystar.net/opinion/perspective/the-ethics-documenting-sexual-violence-1624462,birangona [site-wide]
https://www.thedailystar.net/hc-for-birangonas-social-status-8711,birangona [site-wide]
https://www.thedailystar.net/news/war-crimes-justice-and-the-politics-of-memory,war crimes tribunal [site-wide]
https://www.thedailystar.net/news-detail-149471,war crimes tribunal [site-wide]
https://www.thedailystar.net/city/war-crimes-4-moulvibazar-men-indicted-1401952,war crimes tribunal [site-wide]
https://www.thedailystar.net/country/war-crimes-of-1971-death-5-netrokona-war-criminals-1721539,war crimes tribunal [site-wide]
https://www.thedailystar.net/country/news/verdict-8-jamalpur-al-badrs-tomorrow-1255036,war crimes tribunal [site-wide]
https://www.thedailystar.net/country/war-crimes-in-bangladesh-liberation-war-1971-ex-nsi-official-oahidul-haque-sent-jail-1567558,war crimes tribunal [site-wide]
https://www.thedailystar.net/news-detail-269815,war crimes tribunal [site-wide]
https://www.thedailystar.net/backpage/news/war-crimes-71-rajshahi-jamaat-man-gets-death-penalty-1791538,war crimes tribunal [site-wide]
https://www.thedailystar.net/news-detail-15612,16 December [site-wide]
https://www.thedailystar.net/news-detail-15488,16 December [site-wide]
https://www.thedailystar.net/rising-stars/news/the-significance-bangladeshs-independence-day-and-victory-day-3575421,16 December [site-wide]
https://www.thedailystar.net/december-16-1971-53696,16 December [site-wide]
https://www.thedailystar.net/victory-pakistan-army-surrenders-to-allied-forces-54462,16 December [site-wide]
https://www.thedailystar.net/opinion/focus/news/remembering-1971-3497021,16 December [site-wide]
https://www.thedailystar.net/supplements/victory-day-special-2021/news/liberated-last-2918636,16 December [site-wide]
https://www.thedailystar.net/1971-the-battles-women-fought/news/refugees-women-and-the-1971-war-reflection-1674061,refugees 1971 [site-wide]
https://www.thedailystar.net/supplements/celebrating-51-years-independence/news/shoronarthir-dinolipi-the-diary-1971-refugee-2990481,refugees 1971 [site-wide]
https://www.thedailystar.net/news-detail-103158,refugees 1971 [site-wide]
https://www.thedailystar.net/supplements/victory-day-2016-special/refugee-relief-the-postal-tax-helped-millions-1330345,refugees 1971 [site-wide]
https://www.thedailystar.net/op-ed/it-important-remember-1971-187654,refugees 1971 [site-wide]
https://www.thedailystar.net/arts-entertainment/tv/cultural-activist-recalls-the-liberation-war-mustafa-monowar-73954,refugees 1971 [site-wide]
https://www.thedailystar.net/1971-the-battles-women-fought/news/the-discursive-silence-women-1971-1674070,refugees 1971 [site-wide]
https://www.thedailystar.net/opinion/politics/news/bijoy-1971-the-story-agony-and-ecstasy-1673263,Bijoy Dibosh [site-wide]
https://www.thedailystar.net/arts-entertainment/news/du-film-societys-smritir-bijoy-shines-light-the-true-spirit-the-liberation-war-2012969,Bijoy Dibosh [site-wide]
https://www.thedailystar.net/news-detail-261174,Bijoy Dibosh [site-wide]
https://www.thedailystar.net/news/bangladesh/diplomacy/news/modi-skips-bangladesh-victory-day-message-jaishankar-extends-greetings-4059906,Bijoy Dibosh [site-wide]
https://www.thedailystar.net/december-16th-gen-niazi-and-imran-khan-55537,Bijoy Dibosh [site-wide]
https://www.thedailystar.net/news-detail-116848,Bijoy Dibosh [site-wide]
https://www.thedailystar.net/news/bangladesh/news/the-nation-celebrates-victory-day-3777966,Bijoy Dibosh [site-wide]
https://www.thedailystar.net/supplements/victory-day-special-2021/news/ode-1971-2917971,Bijoy Dibosh [site-wide]
https://www.thedailystar.net/life-living/news/the-tajuddin-ahmad-persona-tales-liberation-war-leader-2987246,Tajuddin Ahmad [site-wide]
https://www.thedailystar.net/tajuddin-ahmed-our-history-maker-34436,Tajuddin Ahmad [site-wide]
https://www.thedailystar.net/news-detail-98095,Tajuddin Ahmad [site-wide]
https://www.thedailystar.net/news-detail-98096,Tajuddin Ahmad [site-wide]
https://www.thedailystar.net/news-detail-147829,Tajuddin Ahmad [site-wide]
https://www.thedailystar.net/news/bangladesh/news/kissinger-who-called-bangladesh-basket-case-says-us-role-1971-was-misjudgment-2997121,Kissinger Bangladesh [site-wide]
https://www.thedailystar.net/views/opinion/news/the-kissinger-yahya-plot-against-bangladeshs-liberation-2124321,Kissinger Bangladesh [site-wide]
https://www.thedailystar.net/opinion/views/news/henry-kissingers-influence-bangladeshs-history-3483221,Kissinger Bangladesh [site-wide]
https://www.thedailystar.net/online/nixon-didnt-give-fig-the-1971-genocide-114088,Kissinger Bangladesh [site-wide]
https://www.thedailystar.net/news-detail-246650,Kissinger Bangladesh [site-wide]
https://www.thedailystar.net/news/bangladesh/news/how-the-others-saw-it-3841511,Kissinger Bangladesh [site-wide]
https://www.thedailystar.net/supplements/historic-mujibnagar-day/news/movement-nation-2078873,Kissinger Bangladesh [site-wide]
https://www.thedailystar.net/opinion/news/look-back-the-historic-six-point-movement-1909985,Six Points [site-wide]
https://www.thedailystar.net/politics/news/historic-6-point-day-today-bangabandhu-sheikh-mujibur-rahman-1753633,Six Points [site-wide]
https://www.thedailystar.net/news/bangladesh/news/pm-pays-homage-bangabandhu-historic-six-point-day-3339976,Six Points [site-wide]
https://www.thedailystar.net/views/opinion/news/the-politics-and-economics-bangabandhus-six-points-2984486,Six Points [site-wide]
https://www.thedailystar.net/news/bangladesh/news/historic-six-point-day-today-3339851,Six Points [site-wide]
https://www.thedailystar.net/backpage/news/six-point-demand-charter-freedom-1910157,Six Points [site-wide]
https://www.thedailystar.net/news/bangladesh/politics/news/six-point-demand-sowed-the-seed-ultimate-freedom-1966-joy-3041716,Six Points [site-wide]
https://www.thedailystar.net/op-ed/politics/bangabandhu-and-the-freedom-bangladesh-71963,Six Points [site-wide]
https://www.thedailystar.net/politics/news/six-point-charter-freedom-bengalees-sheikh-hasina-1910001,Six Points [site-wide]
https://www.thedailystar.net/frontpage/news/transcending-stone-walls-and-iron-bars-1785559,Six Points [site-wide]
https://www.thedailystar.net/politics/unesco-recognises-bangabandhu-sheikh-mujibur-rahman-7th-march-speech-memory-of-the-world-1484356,7 March speech [site-wide]
https://www.thedailystar.net/frontpage/news/historic-7th-march-today-1711537,7 March speech [site-wide]
https://www.thedailystar.net/a-speech-that-created-a-nation-14412,7 March speech [site-wide]
https://www.thedailystar.net/law-our-rights/news/the-historic-seventh-march-speech-bangabandhu-its-influence-international-legal-discourse-and-reform-2056313,7 March speech [site-wide]
https://www.thedailystar.net/opinion/perspective/the-voice-touched-peoples-hearts-1544335,7 March speech [site-wide]
https://www.thedailystar.net/lifestyle/perspective/news/the-dark-night-memories-25-march-1971-2065057,7 March speech [site-wide]
https://www.thedailystar.net/opinion/online-exclusive/news/what-makes-the-7th-march-speech-one-the-best-2056453,7 March speech [site-wide]
https://www.thedailystar.net/backpage/march-6-1971-tension-builds-march-7-rally-nears-1544068,7 March speech [site-wide]
https://www.thedailystar.net/opinion/perspective/news/the-voice-revolution-1711378,7 March speech [site-wide]
https://www.thedailystar.net/supplements/martyred-intellectuals-day-2017/pakistani-viewpoint-killing-bengali-intellectuals,martyred intellectuals [site-wide]
https://www.thedailystar.net/supplements/martyred-intellectuals-day-2017/news/why-were-they-targeted-1672987,martyred intellectuals [site-wide]
https://www.thedailystar.net/opinion/focus/news/tribute-my-martyr-teachers-3491431,martyred intellectuals [site-wide]
https://www.thedailystar.net/supplements/martyred-intellectuals-day-2022/news/my-three-martyred-teachers-3195776,martyred intellectuals [site-wide]
https://www.thedailystar.net/news-detail-15342,martyred intellectuals [site-wide]
https://www.thedailystar.net/supplements/martyred-intellectuals-day-2017/the-killing-intellectuals-the-shadow-henry-kissinger-1504447,martyred intellectuals [site-wide]
https://www.thedailystar.net/operated-like-gestapo-48000,martyred intellectuals [site-wide]
https://www.thedailystar.net/december-14-1971-53698,martyred intellectuals [site-wide]
https://www.thedailystar.net/backpage/news/bangabandhu-declares-independence-2066861,Bangabandhu 1971 [site-wide]
https://www.thedailystar.net/law-our-rights/news/the-historic-seventh-march-speech-bangabandhu-its-influence-international-legal-discourse-and-reform-2057325,Bangabandhu 1971 [site-wide]
https://www.thedailystar.net/opinion/views/the-third-view/news/the-speech-and-those-transformative-days-march-71-3560896,Bangabandhu 1971 [site-wide]
https://www.thedailystar.net/the-return-of-bangabandhu-6167,Bangabandhu 1971 [site-wide]
https://www.thedailystar.net/frontpage/the-dawn-independence-73837,Bangabandhu 1971 [site-wide]
https://www.thedailystar.net/supplements/news/counting-the-days-independence-1886146,Bangabandhu 1971 [site-wide]
https://www.thedailystar.net/news/bangladesh/news/dhanmondi-32-epicentre-independence-struggle-3677556,Bangabandhu 1971 [site-wide]
https://www.thedailystar.net/backpage/march-28-1971-bangladesh-seeks-global-support-1554433,Bangabandhu 1971 [site-wide]
https://www.thedailystar.net/op-ed/the-lasting-symbolism-bangabandhu-1342714,Bangabandhu 1971 [site-wide]
https://www.thedailystar.net/slow-reads/focus/news/how-ekushey-was-commemorated-during-the-pakistan-period-3549101,1970 election [slow-reads]
https://www.thedailystar.net/slow-reads/focus/news/tajuddin-was-objective-fact-based-quite-unlike-many-other-awami-league-leaders-muyeedul-hasan-3945811,1970 election [slow-reads]
https://www.thedailystar.net/slow-reads/focus/news/maulana-bhashani-and-the-transition-secular-politics-east-bengal-1995445,1970 election [slow-reads]
https://www.thedailystar.net/slow-reads/geopolitical-insights/news/bangladesh-first-rethinking-the-relationship-india-4248456,1970 election [slow-reads]
https://www.thedailystar.net/slow-reads/big-picture/news/bangladeshs-education-crisis-the-future-has-already-begun-4272101,1970 election [slow-reads]
https://www.thedailystar.net/slow-reads/big-picture/news/what-bangladesh-must-learn-about-political-transitions-4104566,1970 election [slow-reads]
https://www.thedailystar.net/slow-reads/focus/news/gandhis-search-harmony-noakhali-3997161,India 1971 [slow-reads]
https://www.thedailystar.net/slow-reads/focus/news/gandhis-sojourn-noakhali-3133786,India 1971 [slow-reads]
https://www.thedailystar.net/slow-reads/focus/news/1971-2024-rabindranath-tagore-and-martyred-intellectuals-day-3775526,India 1971 [slow-reads]
https://www.thedailystar.net/slow-reads/focus/news/1971-literature-independence-bangladesh-crisis-pakistan-4130621,USSR China 1971 [slow-reads]
https://www.thedailystar.net/slow-reads/slow-reads-special/news/instructions-genocide-3197291,Swadhin Bangla Betar [slow-reads]
https://www.thedailystar.net/slow-reads/focus/news/living-occupied-dhaka-diaries-1971-4074711,war diary [slow-reads]
https://www.thedailystar.net/daily-star-books/news/reading-form-resistance-some-anecdotes-the-1971-war-3278586,war diary [slow-reads]
https://www.thedailystar.net/in-focus/news/eid-1971-forgotten-chapter-the-liberation-war-1828372,war diary [slow-reads]
https://www.thedailystar.net/supplements/30th-anniversary-supplements/agents-change/news/the-liberation-war-reading-list-2044793,war diary [slow-reads]
https://www.thedailystar.net/ds/slow-reads-special/news/history-we-walked-past-4059166,war diary [slow-reads]
https://www.thedailystar.net/slow-reads/focus/news/i-regret-pakistan-has-still-not-formally-apologised-2918031,Niazi surrender [slow-reads]
https://www.thedailystar.net/views/in-focus/news/bangladesh-liberation-war-memories-untold-story-2950696,liberation war 1971 [views/in-focus]
https://www.thedailystar.net/slow-reads/focus/news/the-journey-liberation-war-fifteen-year-old-boy-1506442,teenage freedom fighter journey [slow-reads]
https://www.thedailystar.net/views/in-focus/news/revisiting-the-inheritances-bangladesh-liberation-war-2982286,Muktijuddho memories [views/in-focus]
https://www.thedailystar.net/views/in-focus/news/it-was-the-morning-after-nuclear-attack-2142386,Muktijuddho memories [views/in-focus]
https://www.thedailystar.net/in-focus/news/eid-1971-forgotten-chapter-the-liberation-war-1828372,liberation war [in-focus]
https://www.thedailystar.net/in-focus/the-war-not-over-yet-1380949,liberation war [in-focus]
https://www.thedailystar.net/in-focus/news/history-and-the-birangona-2114681,liberation war [in-focus]
