node_id,label,content_type,reason,unsure_note
4192071,Core,feature,"Suppressed photographs of the 1966 Six-Point Movement (run-up to 1971)",
4289461,Irrelevant,analysis,"Food security; no 1971 content",
4042036,Borderline,memoir,"Memoir of martyred intellectual Munier Chowdhury; text centres on his life and the Language Movement","Subject was killed in 1971 but the piece dwells on his earlier life"
4137001,Core,analysis,"Pakistan's Hamoodur Rehman Commission report on the 1971 war",
3866386,Irrelevant,feature,"Origins of Pahela Baishakh celebrations; 1971 passing",
4078731,Borderline,feature,"Photographer Amanul Huq, whose work spans 1952 to the Liberation War",
4131081,Borderline,essay,"Bangabandhu's foreign policy before and after 1971, incl. US diplomacy during the crisis",
3507586,Core,essay,"Poet Jasim Uddin's poems of 1971",
4139921,Borderline,essay,"Debate over Bengali nationalism and the emergence of Bangladesh in 1971",
1720066,Core,interview,"Raghu Rai on photographing the 1971 Liberation War and refugees",
1380949,Core,feature,"Women in the 1971 Liberation War and the birangonas",
1206313,Core,essay,"Naeem Mohaiemen on the historiography of Muktijuddho and the 'denial' law",
2982286,Core,essay,"Literature and testimony of the 1971 Liberation War",
2110329,Core,memoir,"First-hand account of the Battle of Bhomra, 1971",
3549101,Borderline,feature,"How Ekushey (Language Movement) was commemorated in the Pakistan period",
3945811,Core,interview,"Muyeedul Hasan on Tajuddin Ahmad and the 1971 wartime government",
1995445,Irrelevant,essay,"Bhashani and 1947-57 politics; 1971 mentioned once",
4248456,Irrelevant,analysis,"Present-day Bangladesh-India relations; no 1971 content",
4272101,Irrelevant,analysis,"Education crisis; no 1971 content",
4104566,Irrelevant,analysis,"Political transitions after the Arab Spring; no 1971 content",
3997161,Irrelevant,essay,"Gandhi in Noakhali (1946); not about 1971",
3133786,Irrelevant,essay,"Gandhi in Noakhali (1946); not about 1971",
3775526,Core,memoir,"Son of a martyred intellectual on the December 1971 killings",
3197291,Core,feature,"Recorded Pakistan Army wireless instructions during Operation Searchlight",
1828372,Core,feature,"Eid during the 1971 war",
2918031,Core,interview,"Ayesha Jalal on 1971, the birth of Bangladesh and Pakistan's failure to apologise",
2950696,Core,memoir,"SDPO of Jhenaidah's account of the first days of resistance, March 1971",
1506442,Core,memoir,"A 15-year-old's journey to join the Liberation War, June 1971",
2114681,Core,essay,"Nayanika Mookherjee on the history and memory of the birangona",
4290491,Irrelevant,essay,"Elder care; no 1971 content",
4290431,Irrelevant,essay,"Human-animal relationships; no 1971 content",
4290416,Irrelevant,essay,"Migration and sexual offences in Australia; no 1971 content",
4289466,Irrelevant,analysis,"Zakat reform; no 1971 content",
https://www.thedailystar.net/slow-reads/slow-reads-special/life-bangladesh,Irrelevant,not an article,"Landing page for a Tajuddin Ahmad series (79 words), not an article",
4287996,Irrelevant,essay,"World revolutions; no 1971 content",
4287191,Irrelevant,essay,"Early modern Bengal; no 1971 content",
4286146,Irrelevant,essay,"Kali worship in Bengal; no 1971 content",
4288836,Irrelevant,analysis,"Energy policy; no 1971 content",
4287261,Irrelevant,analysis,"LDC graduation and COP31; no 1971 content",
4285301,Irrelevant,analysis,"Solar power in garment industry; no 1971 content",
4288846,Irrelevant,essay,"Epistemic fragmentation; no 1971 content",
4288316,Irrelevant,essay,"Origins of Sufism; no 1971 content",
4286116,Irrelevant,essay,"Translation and language rights; no 1971 content",
4286101,Irrelevant,essay,"Bengali lullabies; Language Movement mentioned once",
4288831,Irrelevant,feature,"Migration from Gabura to India; no 1971 content",
4288821,Irrelevant,feature,"Hilsa fishermen; no 1971 content",
4282916,Irrelevant,essay,"Indigenous representation in film; no 1971 content",
4282891,Irrelevant,feature,"Rohingya women in refugee camps; not about 1971",
4280996,Irrelevant,feature,"Birds and a banyan tree; no 1971 content",
4279931,Irrelevant,essay,"A recent personal controversy; no 1971 content",
