node_id,label,content_type,reason,unsure_note
2918496,Present Day,opinion,A Pakistani writer on Pakistan's overdue apology for 1971,
1251553,Irrelevant,news report,Obituary tribute to Sydney Schanberg,
1260304,Core,opinion,Hasan Ferdous on Sydney Schanberg's 1971 reporting,
71448,Core,feature,Sydney Schanberg's 1971 reporting on the breakup of Pakistan (reprint),
213788,Irrelevant,news report,Report on foreign war journalists' visit,
29342,Irrelevant,news report,Report on the 25 March observance,
73727,Core,feature,Archer Blood's 1971 telegrams,
20002,Core,feature,Archer Blood and his 1971 dissent,
242917,Core,review,Review of a book on the 1971 killers and collaborators,
104645,Irrelevant,other,Reader's letter,
109135,Irrelevant,other,Reader's letter,
52249,Core,opinion,Senator Edward Kennedy's support for Bangladesh in 1971,
104659,Core,opinion,Senator Edward Kennedy's support for Bangladesh in 1971,
1566688,Core,feature,The 1971 Concert for Bangladesh,
2142126,Core,feature,The 1971 Concert for Bangladesh,
3382786,Core,opinion,Foreigners who brought Bangladesh's 1971 cause to the world,
1322890,Core,feature,George Harrison and the Concert for Bangladesh,
1292230,Core,feature,Ravi Shankar and the Concert for Bangladesh,
2142056,Core,feature,How the 1971 Concert for Bangladesh came to be,
145665,Irrelevant,news report,Report on a recitation programme,
3279906,Irrelevant,essay,About poetry of war and peace (rule: poems left out),
https://www.thedailystar.net/news/foreign-friends-of-bangladesh,Irrelevant,news report,Report on honouring foreign friends,
https://www.thedailystar.net/news/pakistan-must-offer-unconditional-apology,Irrelevant,news report,Report of demands for a Pakistani apology,
1707916,Core,feature,Paul and Ellen Connett's 1971 campaign in London,
3574986,Borderline,opinion,Comparing the 1971 genocide with Gaza,
179184,Irrelevant,news report,Report of demands for a Pakistani apology,
1935777,Present Day,analysis,An apology for 1971 and Bangladesh-Pakistan relations,
186478,Core,analysis,The Hamoodur Rahman Commission report kept hidden for 28 years,
1222999,Present Day,opinion,Pakistan's deliberate amnesia about 1971,
187015,Present Day,analysis,Whether the 195 Pakistani prisoners can still be tried,
https://www.thedailystar.net/news/us-fleet-in-bay-of-bengal-a-game-of-deception,Core,feature,"The US Seventh Fleet in the Bay of Bengal, December 1971",
4889,Borderline,opinion,A 2007 naval exercise recalled against the 1971 Seventh Fleet,
1328776,Core,feature,The 1971 Philadelphia blockade of Pakistani arms ships,
41962,Borderline,opinion,Bangladesh's 1974 entry into the UN,
1198774,Core,feature,US advice to Nixon to recognise Bangladesh in 1971,
261642,Core,opinion,Pakistan in December 1971,
3578396,Daily report,feature,'Indomitable March' day-by-day chronicle of March 1971 (2024 series),
2910421,Daily report,feature,'Road to Freedom' day-by-day chronicle of 1971 (2021 series),
195773,Irrelevant,news report,Report on honouring Indira Gandhi,
1509868,Present Day,feature,A war baby's search for her roots,
175642,Irrelevant,news report,Report of an event with a war baby's descendant,
2035281,Core,review,Review of a book of testimony on 1971,
3282476,Present Day,feature,A museum's exhibits on 1971,
228723,Core,feature,1971 war photographs,
3605406,Borderline,feature,An exhibition of 1971 photographs,
169861,Core,feature,Kishor Parekh's 1971 photographs,
4162421,Borderline,opinion,Tribute to photographer Raghu Rai,
https://www.thedailystar.net/news/the-testimony-of-sixty,Core,feature,The 1971 'Testimony of Sixty',
3447291,Core,review,Review of memoirs of 1971 fighters,
3577021,Core,opinion,Mahfuz Anam on how little we know about 1971,
3421876,Core,review,Review of a book on the 1971 Kilo Flight,
247865,Core,feature,The defeated men of 1971,
3564776,Daily report,feature,'Indomitable March' day-by-day chronicle of March 1971 (2024 series),
2066321,Core,feature,Young people's role in 1971,
1535878,Core,review,Review of a book of reminiscences of 1971,
2072709,Daily report,feature,'Road to Freedom' day-by-day chronicle of 1971 (2021 series),
3283816,Core,feature,The Shadhin Bangla Football Team of 1971,
1950825,Irrelevant,other,Sport and identity; not 1971,
https://www.thedailystar.net/news/a-clarion-call,Irrelevant,other,Attacks on Hindus in 2013; not 1971,
1674235,Present Day,feature,Adivasi freedom fighters still unrecognised,
2200311,Core,feature,Crack Platoon guerrilla Masud Sadique Chullu,
1720249,Borderline,opinion,Ginsberg's poem and Jessore Road,
2914216,Core,feature,Unseen 1971 photographs,
3907961,Present Day,opinion,A Jamaat leader's apology and the 1971 question,
9116,Core,feature,What Jamaat leaders said in 1971,
2072301,Present Day,feature,Neglected 1971 mass graves in Lalmonirhat,
2049005,Language Movement,feature,The Shaheed Minar of Cumilla Victoria College,
25516,Core,feature,Swadhin Bangla Betar Kendra and the declaration of independence,
40021,Pre-1971,essay,The Six-Point movement,
237295,Pre-1971,opinion,Recalling the Six Points,
3575041,Pre-1971,feature,The 1960s road to 1971,
238011,Pre-1971,opinion,The Agartala Conspiracy Case,
41580,Pre-1971,opinion,The Agartala Conspiracy Case forty years on,
3777466,Core,feature,How the 1971 flag came to be,
169644,Pre-1971,opinion,A scholar's work on the Agartala case,
64870,Irrelevant,not an article,51-word stub,
73091,Pre-1971,feature,"Sergeant Zahurul Haque, accused no. 17 in the Agartala case",
187219,Core,feature,The flags of 1969-71,
223317,Pre-1971,opinion,The Agartala case and 22 February 1969,
246576,Irrelevant,review,Review of a novel about 1971 (rule: novels left out),
3523991,Pre-1971,feature,Asad and the 1969 uprising,
1737682,Borderline,memoir,A labour leader's memoir of 1960s jute mill strikes,
2032693,Pre-1971,interview,The 1969 mass uprising,
1837702,Core,feature,The 1971 war from the 1970 election on,
3363411,Core,review,Review of 'The Vortex' on the 1970 cyclone and the 1971 war,
3167201,Irrelevant,news report,Anniversary report on the 1970 cyclone,
43166,Pre-1971,review,Ayub Khan's diaries on East Pakistan,
2050893,Pre-1971,review,Review of a book on Pakistan's disintegration,
106083,Pre-1971,opinion,The 1962 education movement,
3574341,Pre-1971,feature,"The 'Inner Group', an early push for independence",
3280571,Pre-1971,feature,How the name 'Bangladesh' came into politics,
12248,Language Movement,opinion,"Ekushey, the first eternal flame",
3829676,Language Movement,feature,The Language Movement as the seed of independence,
3813186,Language Movement,feature,The first Shaheed Minar,
1870591,Language Movement,feature,The 1952 epicentre of Ekushey today,
76812,Language Movement,feature,Graves of three language martyrs untraced,
23132,Language Movement,feature,The little-known lives of the language martyrs,
174831,Language Movement,opinion,Amar Ekushey as the precursor of Bangladesh,
1871482,Language Movement,feature,The Abul Barkat Memorial Museum,
574186,Language Movement,feature,The Shaheed Minar and its history,
61695,Irrelevant,news report,Report on a discussion about language martyr Rafiq,
127064,Language Movement,feature,A museum to language martyr Rafiq without memorabilia,
10668,Language Movement,feature,Jinnah's 1948 Curzon Hall speech,
https://www.thedailystar.net/news/ekushey-a-turning-point-in-our-history,Language Movement,opinion,Ekushey as a turning point,
3830321,Language Movement,feature,The Language Movement in Barishal,
2962351,Language Movement,feature,"Rasheed Building, office of the 1948 language action committee",
3818111,Language Movement,feature,The Language Movement in Kushtia,
2955891,Language Movement,memoir,Gaziul Haque on 1952,
2960406,Language Movement,feature,The first Shaheed Minar,
174850,Language Movement,opinion,Syed Badrul Ahsan on 1952,
4110471,Language Movement,feature,Pearu Sardar and Dhaka's first Shaheed Minar,
3828881,Language Movement,feature,"The Language Movement in Chattogram, 1952",
4108751,Irrelevant,news report,Report of a discussion on the language question,
3826981,Language Movement,feature,The Language Movement in Sylhet,
173965,Language Movement,feature,A language pioneer's museum in Sylhet,
75281,Language Movement,opinion,Syed Mujtaba Ali and the Language Movement,
3549851,Language Movement,feature,The Language Movement in Pabna,
23133,Language Movement,feature,The Language Movement Museum,
2048429,Language Movement,feature,"Somela Rahman, a woman of the Language Movement",
1705738,Irrelevant,news report,Report on International Mother Language Day observance,
223193,Language Movement,opinion,The spirit of Ekushey,
3828001,Language Movement,feature,The Language Movement: a schoolboy takes down the Pakistan flag,
3824296,Language Movement,feature,The Language Movement in Kurigram,
174301,Language Movement,feature,The Language Movement in Nilphamari,
124126,Irrelevant,other,About 1975 and personal memory; not 1971,
4111821,Irrelevant,not an article,73-word stub,
3561611,Daily report,feature,'Indomitable March' day-by-day chronicle of March 1971 (2024 series),
3567066,Daily report,feature,'Indomitable March' day-by-day chronicle of March 1971 (2024 series),
3568281,Daily report,feature,'Indomitable March' day-by-day chronicle of March 1971 (2024 series),
3571456,Daily report,feature,'Indomitable March' day-by-day chronicle of March 1971 (2024 series),
3572241,Daily report,feature,'Indomitable March' day-by-day chronicle of March 1971 (2024 series),
3280456,Irrelevant,news report,Report of a statement on genocide recognition,
